file	sha256	status	map
study/lib/reference_endpoints.R	11361dbc80fe9698e305fa7d0fb698488815b24fa6f68ab53ee887918592b20b	MATCH	study/SOURCE_LINEAGE.json
study/lib/endpoint_math.R	f5b5064baa0efe762611a82a87c8ffb839750942d9e26f82fb2b75612e3c5193	MATCH	study/SOURCE_LINEAGE.json
study/lib/epic_diagnostics.R	dc1c3d42122a4a90b17edd6e6311695d7d81d4de2381fb6b06bb313c5ac0c491	MATCH	study/SOURCE_LINEAGE.json
study/summarize_reference.py	866d9ceca998bf81a31becdc17a25fd2280005823957e4cde3f15393ed70f684	MATCH	study/SOURCE_LINEAGE.json
study/summarize_simulation.py	3dd59656384c46952d8268fa2ac32f3b5ee39205affa9f549ba4ea238c2701eb	MATCH	study/SOURCE_LINEAGE.json
study/lib/cellbench_math.R	61c832d69baacbc36e318086e478299dd667dedcca76f2743b16a82cb240bb3f	MATCH	study/SOURCE_LINEAGE.json
study/summarize_cellbench.py	c37f40feb1a10a93fd83575c205fde5e64d102372dbc07e2f5338cc93ccf677e	MATCH	study/SOURCE_LINEAGE.json
study/tests/test_reference_endpoints.R	e943a433e16e4b154687922a6f7ee4a7990cb468c3e87c682e88919442aab8d6	MATCH	study/SOURCE_LINEAGE.json
study/tests/test_reference_summaries.py	274f95c687967d6aa791b6c95fee7185d01c51493b09052b1da3d90d35f8c7a5	MATCH	study/SOURCE_LINEAGE.json
study/lib/simulation_endpoints.R	f4b6f67fc2dcfdaf8ba5eee31371e5e09a522ae8866c4a52e3d9855d24a73897	MATCH	study/SOURCE_LINEAGE.json
study/model_source/epic_simulation_adapter.R	a09475b6018ec1dc0a658fa046429b297a06516ba4957a9d596b7dd726c22aa5	MATCH	study/SOURCE_LINEAGE.json
study/model_source/epic_stability_instrumentation.R	95c8c51b219effcc9b45406e151a6b022a372c213bec888e94d854e458c30cd2	MATCH	study/SOURCE_LINEAGE.json
study/rebuild_cellbench.R	b5d74e8332f8e10f904776c4d8b098ee96850e95f8a2d0024b24a1438d941ad4	MATCH	study/SOURCE_LINEAGE.json
study/summarize_diagnostics.py	99f98d3aee2bb73c81611ad82fe7c6ca06fa8ead49837f73f89fde545b930b87	MATCH	study/SOURCE_LINEAGE.json
study/lib/cts_from_draws.R	5c500096f61de43d3ca84817ed02ed90671e83806d16748717f77ef7771607f5	MATCH	study/SOURCE_LINEAGE.json
repro/archive.py	923749b0a18f79b0004e6edbb0667e4160bf19b12b7d3e0968a6f7b7b07d7a3c	MATCH	study/ADDITIONAL_SOURCE_LINEAGE.json
study/tests/test_archive.py	e357b234a76cd1e0afd49c2310d6075bd955420e6da067ac29870752b79bdc02	MATCH	study/ADDITIONAL_SOURCE_LINEAGE.json
study/model_source/simulation_canonical.R	c9431db3e24ab6d2ac5e1e77a496affdebd07ce733217b959c93f19d1c1c2cdb	MATCH	study/ADDITIONAL_SOURCE_LINEAGE.json
study/model_source/versions.tsv	ebe3aab1a53783bf0b215bd1b44cab77ba42bf7170608f047cab820e6f51ec54	MATCH	study/ADDITIONAL_SOURCE_LINEAGE.json
study/model_source/cellbench-corrective-tasks.tsv	f72f769d48e4548e42615603414aea7379490587daded7675429f8f476f026af	MATCH	study/ADDITIONAL_SOURCE_LINEAGE.json
